web-scraper-order,web-scraper-start-url,titulo,descripcion,salario,experiencia
"1762086567-1","https://cl.computrabajo.com/trabajo-de-consultor-erp?p=15","analista contable","","",""
"1762086567-2","https://cl.computrabajo.com/trabajo-de-consultor-erp?p=15","Analista de Conciliacion Bancaria","","",""
"1762086567-3","https://cl.computrabajo.com/trabajo-de-consultor-erp?p=15","Analista Tributario","","",""
"1762086567-4","https://cl.computrabajo.com/trabajo-de-consultor-erp?p=15","Asesor educativo telefónico","","",""
"1762086567-5","https://cl.computrabajo.com/trabajo-de-consultor-erp?p=15","Analista de Contabilidad y Finanzas (Las Condes)","","",""
"1762086567-6","https://cl.computrabajo.com/trabajo-de-consultor-erp?p=15","Analista de compras y abastecimiento","","",""
"1762086567-7","https://cl.computrabajo.com/trabajo-de-consultor-erp?p=15","Analista de Control de Gestión","","",""
"1762086567-8","https://cl.computrabajo.com/trabajo-de-consultor-erp?p=15","Analista junior de remuneraciones Colina","","",""
"1762086567-9","https://cl.computrabajo.com/trabajo-de-consultor-erp?p=15","Analista de Compras Senior para Santiago (Reemplazo Pre y Post Natal)","","",""
"1762086567-10","https://cl.computrabajo.com/trabajo-de-consultor-erp?p=15","Analista de Calidad / Lo Boza","","",""
"1762086567-11","https://cl.computrabajo.com/trabajo-de-consultor-erp?p=15","...Urgente Analista de Remuneraciones – Rubro Construcción / Excel Intermedio – ERP Nubox...","","",""
"1762086567-12","https://cl.computrabajo.com/trabajo-de-consultor-erp?p=15","...Urgente Analista de Remuneraciones – Rubro Construcción / Excel Intermedio – ERP Nubox...","","",""
"1762086567-13","https://cl.computrabajo.com/trabajo-de-consultor-erp?p=15","++Ingreso Urgente Analista de Remuneraciones – Rubro Construcción / Excel Intermedio – ERP Nubox","","",""
"1762086567-14","https://cl.computrabajo.com/trabajo-de-consultor-erp?p=15","Analista Contable","","",""
"1762086567-15","https://cl.computrabajo.com/trabajo-de-consultor-erp?p=15","Analista de Control de Marcación de Turnos y Asistencias con Excel Avanzado","","",""
"1762086567-16","https://cl.computrabajo.com/trabajo-de-consultor-erp?p=15","Analista senior de inventarios con experiencia en Retail o CD","","",""
"1762086567-17","https://cl.computrabajo.com/trabajo-de-consultor-erp?p=15","Analista Contable Semi Senior/ San Fernando","","",""
"1762086567-18","https://cl.computrabajo.com/trabajo-de-consultor-erp?p=15","Analista Químico Chillán","","",""
"1762086567-19","https://cl.computrabajo.com/trabajo-de-consultor-erp?p=15","Analista de Implementación y Soporte ERP","","",""
"1762086567-20","https://cl.computrabajo.com/trabajo-de-consultor-erp?p=15","Analista de compras y abastecimiento","","",""
"1762086567-21","https://cl.computrabajo.com/trabajo-de-consultor-erp?p=15","","","Presencial y remoto",""
"1762086567-22","https://cl.computrabajo.com/trabajo-de-consultor-erp?p=15","","","$ 1.200.000,00 (Mensual)",""
"1762086567-23","https://cl.computrabajo.com/trabajo-de-consultor-erp?p=15","","","$ 550.000,00 (Mensual)",""
"1762086567-24","https://cl.computrabajo.com/trabajo-de-consultor-erp?p=15","","","$ 1.400.000,00 (Mensual)",""
"1762086567-25","https://cl.computrabajo.com/trabajo-de-consultor-erp?p=15","","","Presencial y remoto",""
"1762086567-26","https://cl.computrabajo.com/trabajo-de-consultor-erp?p=15","","","$ 650.000,00 (Mensual)",""
"1762086567-27","https://cl.computrabajo.com/trabajo-de-consultor-erp?p=15","","","$ 900.000,00 (Mensual)",""
"1762086567-28","https://cl.computrabajo.com/trabajo-de-consultor-erp?p=15","","","$ 900.000,00 (Mensual)",""
"1762086567-29","https://cl.computrabajo.com/trabajo-de-consultor-erp?p=15","","","$ 899.999,00 (Mensual)",""
"1762086567-30","https://cl.computrabajo.com/trabajo-de-consultor-erp?p=15","","","$ 1.000.000,00 (Mensual)",""
"1762086567-31","https://cl.computrabajo.com/trabajo-de-consultor-erp?p=15","","","Presencial y remoto",""
"1762086569-32","https://cl.computrabajo.com/trabajo-de-consultor-erp?p=14","Analista Contable","","",""
"1762086569-33","https://cl.computrabajo.com/trabajo-de-consultor-erp?p=14","Analista Contable","","",""
"1762086569-34","https://cl.computrabajo.com/trabajo-de-consultor-erp?p=14","Analista Contable y de Nómina, Santiago, Las Condes","","",""
"1762086569-35","https://cl.computrabajo.com/trabajo-de-consultor-erp?p=14","Analista de tesorería","","",""
"1762086569-36","https://cl.computrabajo.com/trabajo-de-consultor-erp?p=14","Analista Contable","","",""
"1762086569-37","https://cl.computrabajo.com/trabajo-de-consultor-erp?p=14","Asesor de Servicio Automotriz","","",""
"1762086569-38","https://cl.computrabajo.com/trabajo-de-consultor-erp?p=14","Analista de Tesorería – Grupo Progestión","","",""
"1762086569-39","https://cl.computrabajo.com/trabajo-de-consultor-erp?p=14","Analista de Implementación y Soporte ERP","","",""
"1762086569-40","https://cl.computrabajo.com/trabajo-de-consultor-erp?p=14","Analista Químico Chillán","","",""
"1762086569-41","https://cl.computrabajo.com/trabajo-de-consultor-erp?p=14","Customer Success Manager","","",""
"1762086569-42","https://cl.computrabajo.com/trabajo-de-consultor-erp?p=14","Analista de tesorería","","",""
"1762086569-43","https://cl.computrabajo.com/trabajo-de-consultor-erp?p=14","Analista de remuneraciones y gestión de personas","","",""
"1762086569-44","https://cl.computrabajo.com/trabajo-de-consultor-erp?p=14","Analista Contable Semi Senior/ San Fernando","","",""
"1762086569-45","https://cl.computrabajo.com/trabajo-de-consultor-erp?p=14","Analista Departamento Bienestar.","","",""
"1762086569-46","https://cl.computrabajo.com/trabajo-de-consultor-erp?p=14","Analista Tributario","","",""
"1762086569-47","https://cl.computrabajo.com/trabajo-de-consultor-erp?p=14","Analista de remuneraciones","","",""
"1762086569-48","https://cl.computrabajo.com/trabajo-de-consultor-erp?p=14","Analista de Satisfacción del Cliente","","",""
"1762086569-49","https://cl.computrabajo.com/trabajo-de-consultor-erp?p=14","Analista Técnico de Inventario (Alimentos Congelados)","","",""
"1762086569-50","https://cl.computrabajo.com/trabajo-de-consultor-erp?p=14","Analista contable","","",""
"1762086569-51","https://cl.computrabajo.com/trabajo-de-consultor-erp?p=14","Analista Técnico de Seguridad","","",""
"1762086569-52","https://cl.computrabajo.com/trabajo-de-consultor-erp?p=14","","","$ 650.000,00 (Mensual) + Comisiones",""
"1762086569-53","https://cl.computrabajo.com/trabajo-de-consultor-erp?p=14","","","$ 1.076.000,00 (Mensual)",""
"1762086569-54","https://cl.computrabajo.com/trabajo-de-consultor-erp?p=14","","","Presencial y remoto",""
"1762086569-55","https://cl.computrabajo.com/trabajo-de-consultor-erp?p=14","","","Remoto",""
"1762086569-56","https://cl.computrabajo.com/trabajo-de-consultor-erp?p=14","","","$ 870.000,00 (Mensual)",""
"1762086569-57","https://cl.computrabajo.com/trabajo-de-consultor-erp?p=14","","","$ 915.000,00 (Mensual)",""
"1762086569-58","https://cl.computrabajo.com/trabajo-de-consultor-erp?p=14","","","Presencial y remoto",""
"1762086569-59","https://cl.computrabajo.com/trabajo-de-consultor-erp?p=14","","","$ 900.000,00 (Mensual)",""
"1762086569-60","https://cl.computrabajo.com/trabajo-de-consultor-erp?p=14","","","$ 850.000,00 (Mensual)",""
"1762086569-61","https://cl.computrabajo.com/trabajo-de-consultor-erp?p=14","","","Presencial y remoto",""
"1762086572-62","https://cl.computrabajo.com/trabajo-de-consultor-erp?p=13","Tax Analyst semi senior","","",""
"1762086572-63","https://cl.computrabajo.com/trabajo-de-consultor-erp?p=13","Analista de RR.HH (Rubro Industrial) – Santiago","","",""
"1762086572-64","https://cl.computrabajo.com/trabajo-de-consultor-erp?p=13","Analista de Impuesto con inglés avanzado","","",""
"1762086572-65","https://cl.computrabajo.com/trabajo-de-consultor-erp?p=13","Analista de Impuesto (Tax Analyst)","","",""
"1762086572-66","https://cl.computrabajo.com/trabajo-de-consultor-erp?p=13","Tax Analyst","","",""
"1762086572-67","https://cl.computrabajo.com/trabajo-de-consultor-erp?p=13","Analista de Contabilidad","","",""
"1762086572-68","https://cl.computrabajo.com/trabajo-de-consultor-erp?p=13","Consultor Tributario Senior","","",""
"1762086572-69","https://cl.computrabajo.com/trabajo-de-consultor-erp?p=13","Analista junior de Contabilidad","","",""
"1762086572-70","https://cl.computrabajo.com/trabajo-de-consultor-erp?p=13","Analista de Planificación de Ventas","","",""
"1762086572-71","https://cl.computrabajo.com/trabajo-de-consultor-erp?p=13","Contador Junior, Analista de Planificación de Ventas","","",""
"1762086572-72","https://cl.computrabajo.com/trabajo-de-consultor-erp?p=13","Analista de Contabilidad Junior","","",""
"1762086572-73","https://cl.computrabajo.com/trabajo-de-consultor-erp?p=13","Analista de Contable con experiencia en tiendas físicas","","",""
"1762086572-74","https://cl.computrabajo.com/trabajo-de-consultor-erp?p=13","Asesor Tributario Senior","","",""
"1762086572-75","https://cl.computrabajo.com/trabajo-de-consultor-erp?p=13","Analista Financiero Corporativo","","",""
"1762086572-76","https://cl.computrabajo.com/trabajo-de-consultor-erp?p=13","Analista Senior CxC y CxP","","",""
"1762086572-77","https://cl.computrabajo.com/trabajo-de-consultor-erp?p=13","Analista de Datos y Procesos","","",""
"1762086572-78","https://cl.computrabajo.com/trabajo-de-consultor-erp?p=13","Analista de compras y abastecimiento","","",""
"1762086572-79","https://cl.computrabajo.com/trabajo-de-consultor-erp?p=13","Analista de logistica y mantenimiento IT","","",""
"1762086572-80","https://cl.computrabajo.com/trabajo-de-consultor-erp?p=13","Analista de Control","","",""
"1762086572-81","https://cl.computrabajo.com/trabajo-de-consultor-erp?p=13","Analista de logistica y mantenimiento IT","","",""
"1762086572-82","https://cl.computrabajo.com/trabajo-de-consultor-erp?p=13","","","$ 1.200.000,00 (Mensual)",""
"1762086572-83","https://cl.computrabajo.com/trabajo-de-consultor-erp?p=13","","","$ 1.200.000,00 (Mensual)",""
"1762086572-84","https://cl.computrabajo.com/trabajo-de-consultor-erp?p=13","","","$ 1.200.000,00 (Mensual)",""
"1762086572-85","https://cl.computrabajo.com/trabajo-de-consultor-erp?p=13","","","$ 1.200.000,00 (Mensual)",""
"1762086572-86","https://cl.computrabajo.com/trabajo-de-consultor-erp?p=13","","","$ 1.200.000,00 (Mensual)",""
"1762086572-87","https://cl.computrabajo.com/trabajo-de-consultor-erp?p=13","","","$ 1.200.000,00 (Mensual)",""
"1762086572-88","https://cl.computrabajo.com/trabajo-de-consultor-erp?p=13","","","Presencial y remoto",""
"1762086572-89","https://cl.computrabajo.com/trabajo-de-consultor-erp?p=13","","","Presencial y remoto",""
"1762086572-90","https://cl.computrabajo.com/trabajo-de-consultor-erp?p=13","","","Presencial y remoto",""
"1762086574-91","https://cl.computrabajo.com/trabajo-de-consultor-erp?p=12","Analista de tesorería","","",""
"1762086574-92","https://cl.computrabajo.com/trabajo-de-consultor-erp?p=12","Analista Contable Senior","","",""
"1762086574-93","https://cl.computrabajo.com/trabajo-de-consultor-erp?p=12","Analista de Datos y Automatización","","",""
"1762086574-94","https://cl.computrabajo.com/trabajo-de-consultor-erp?p=12","Analista contabilidad","","",""
"1762086574-95","https://cl.computrabajo.com/trabajo-de-consultor-erp?p=12","Analista Comercio exterior","","",""
"1762086574-96","https://cl.computrabajo.com/trabajo-de-consultor-erp?p=12","Analista de Calidad / Lo Boza","","",""
"1762086574-97","https://cl.computrabajo.com/trabajo-de-consultor-erp?p=12","Analista de Compras Senior para Santiago (Reemplazo Pre y Post Natal)","","",""
"1762086574-98","https://cl.computrabajo.com/trabajo-de-consultor-erp?p=12","Analista senior de inventarios y SQL  con experiencia en Retail o CD","","",""
"1762086574-99","https://cl.computrabajo.com/trabajo-de-consultor-erp?p=12","Analista Contable","","",""
"1762086574-100","https://cl.computrabajo.com/trabajo-de-consultor-erp?p=12","Analista de Facturación","","",""
"1762086574-101","https://cl.computrabajo.com/trabajo-de-consultor-erp?p=12","Analista Contable","","",""
"1762086574-102","https://cl.computrabajo.com/trabajo-de-consultor-erp?p=12","Analista de Repuestos – Maquinaria Pesada – Antofagasta (La Negra)","","",""
"1762086574-103","https://cl.computrabajo.com/trabajo-de-consultor-erp?p=12","Analista Tesorería Contador","","",""
"1762086574-104","https://cl.computrabajo.com/trabajo-de-consultor-erp?p=12","Analista Contable","","",""
"1762086574-105","https://cl.computrabajo.com/trabajo-de-consultor-erp?p=12","Analista de Remuneraciones","","",""
"1762086574-106","https://cl.computrabajo.com/trabajo-de-consultor-erp?p=12","Analista contable","","",""
"1762086574-107","https://cl.computrabajo.com/trabajo-de-consultor-erp?p=12","Analista de inventario","","",""
"1762086574-108","https://cl.computrabajo.com/trabajo-de-consultor-erp?p=12","Analista para laboratorio","","",""
"1762086574-109","https://cl.computrabajo.com/trabajo-de-consultor-erp?p=12","Analista de RR.HH en  Pudahuel","","",""
"1762086574-110","https://cl.computrabajo.com/trabajo-de-consultor-erp?p=12","Analista junior de Contabilidad con experiencia de tiendas físicas","","",""
"1762086574-111","https://cl.computrabajo.com/trabajo-de-consultor-erp?p=12","","","$ 800.000,00 (Mensual)",""
"1762086574-112","https://cl.computrabajo.com/trabajo-de-consultor-erp?p=12","","","$ 1.500.000,00 (Mensual)",""
"1762086574-113","https://cl.computrabajo.com/trabajo-de-consultor-erp?p=12","","","$ 950.000,00 (Mensual)",""
"1762086574-114","https://cl.computrabajo.com/trabajo-de-consultor-erp?p=12","","","$ 650.000,00 (Mensual)",""
"1762086574-115","https://cl.computrabajo.com/trabajo-de-consultor-erp?p=12","","","$ 1.000.000,00 (Mensual)",""
"1762086574-116","https://cl.computrabajo.com/trabajo-de-consultor-erp?p=12","","","$ 680.000,00 (Mensual)",""
"1762086574-117","https://cl.computrabajo.com/trabajo-de-consultor-erp?p=12","","","$ 1.100.000,00 (Mensual)",""
"1762086574-118","https://cl.computrabajo.com/trabajo-de-consultor-erp?p=12","","","$ 1.199.999,00 (Mensual)",""
"1762086574-119","https://cl.computrabajo.com/trabajo-de-consultor-erp?p=12","","","Presencial y remoto",""
"1762086574-120","https://cl.computrabajo.com/trabajo-de-consultor-erp?p=12","","","$ 1.200.000,00 (Mensual)",""
"1762086574-121","https://cl.computrabajo.com/trabajo-de-consultor-erp?p=12","","","$ 1.052.000,00 (Mensual)",""
"1762086574-122","https://cl.computrabajo.com/trabajo-de-consultor-erp?p=12","","","$ 1.200.000,00 (Mensual)",""
"1762086576-123","https://cl.computrabajo.com/trabajo-de-consultor-erp?p=11","Analista de Repuestos – Maquinaria Pesada – Antofagasta (La Negra)","","",""
"1762086576-124","https://cl.computrabajo.com/trabajo-de-consultor-erp?p=11","Asistente e commerce  Plataformas digitales","","",""
"1762086576-125","https://cl.computrabajo.com/trabajo-de-consultor-erp?p=11","Analista de RR.HH (Rubro Industrial) – Santiago","","",""
"1762086576-126","https://cl.computrabajo.com/trabajo-de-consultor-erp?p=11","Analista de RR.HH (Rubro Industrial) – Santiago","","",""
"1762086576-127","https://cl.computrabajo.com/trabajo-de-consultor-erp?p=11","analista contable","","",""
"1762086576-128","https://cl.computrabajo.com/trabajo-de-consultor-erp?p=11","Analista Contable Junior","","",""
"1762086576-129","https://cl.computrabajo.com/trabajo-de-consultor-erp?p=11","Analista de Logistica y Mantenimiento","","",""
"1762086576-130","https://cl.computrabajo.com/trabajo-de-consultor-erp?p=11","Analista Químico Chillán (Reemplazo)","","",""
"1762086576-131","https://cl.computrabajo.com/trabajo-de-consultor-erp?p=11","Analista de compras","","",""
"1762086576-132","https://cl.computrabajo.com/trabajo-de-consultor-erp?p=11","Analista de Adquisiciones  en Dispositivos Médicos Ingeniero(a) Industrial","","",""
"1762086576-133","https://cl.computrabajo.com/trabajo-de-consultor-erp?p=11","Analista de Impuesto con inglés conversacional","","",""
"1762086576-134","https://cl.computrabajo.com/trabajo-de-consultor-erp?p=11","Analista de Facturación $1.000.000 liquidos","","",""
"1762086576-135","https://cl.computrabajo.com/trabajo-de-consultor-erp?p=11","Analista Técnico Funcional de ERP","","",""
"1762086576-136","https://cl.computrabajo.com/trabajo-de-consultor-erp?p=11","Vendedor Canal Institucional Terreno 1 Millón asegurado","","",""
"1762086576-137","https://cl.computrabajo.com/trabajo-de-consultor-erp?p=11","Analista Químico Chillán","","",""
"1762086576-138","https://cl.computrabajo.com/trabajo-de-consultor-erp?p=11","Analista  de Logística con experiencia en Inventarios 745.000 Líquidos","","",""
"1762086576-139","https://cl.computrabajo.com/trabajo-de-consultor-erp?p=11","Analista Logistico","","",""
"1762086576-140","https://cl.computrabajo.com/trabajo-de-consultor-erp?p=11","Importante Empresa Requiere Integrar a Su Equipo De Trabajo Analista En RRHH","","",""
"1762086576-141","https://cl.computrabajo.com/trabajo-de-consultor-erp?p=11","Analista contable","","",""
"1762086576-142","https://cl.computrabajo.com/trabajo-de-consultor-erp?p=11","Analista Contable","","",""
"1762086576-143","https://cl.computrabajo.com/trabajo-de-consultor-erp?p=11","","","$ 1.100.000,00 (Mensual)",""
"1762086576-144","https://cl.computrabajo.com/trabajo-de-consultor-erp?p=11","","","$ 800.000,00 (Mensual)",""
"1762086576-145","https://cl.computrabajo.com/trabajo-de-consultor-erp?p=11","","","$ 1.200.000,00 (Mensual)",""
"1762086576-146","https://cl.computrabajo.com/trabajo-de-consultor-erp?p=11","","","$ 1.807.517,00 (Mensual)",""
"1762086576-147","https://cl.computrabajo.com/trabajo-de-consultor-erp?p=11","","","$ 1.000.000,00 (Mensual)",""
"1762086576-148","https://cl.computrabajo.com/trabajo-de-consultor-erp?p=11","","","$ 745.000,00 (Mensual)",""
"1762086576-149","https://cl.computrabajo.com/trabajo-de-consultor-erp?p=11","","","$ 950.000,00 (Mensual)",""
"1762086576-150","https://cl.computrabajo.com/trabajo-de-consultor-erp?p=11","","","$ 750.000,00 (Mensual)",""
"1762086576-151","https://cl.computrabajo.com/trabajo-de-consultor-erp?p=11","","","$ 800.000,00 (Mensual)",""
"1762086576-152","https://cl.computrabajo.com/trabajo-de-consultor-erp?p=11","","","$ 800.000,00 (Mensual)",""
"1762086579-153","https://cl.computrabajo.com/trabajo-de-consultor-erp?p=10","Analista de compras","","",""
"1762086579-154","https://cl.computrabajo.com/trabajo-de-consultor-erp?p=10","Analista de remuneraciones","","",""
"1762086579-155","https://cl.computrabajo.com/trabajo-de-consultor-erp?p=10","Analista de Cobranza $1.200.000.","","",""
"1762086579-156","https://cl.computrabajo.com/trabajo-de-consultor-erp?p=10","Analista Contable","","",""
"1762086579-157","https://cl.computrabajo.com/trabajo-de-consultor-erp?p=10","Analista Comex (San Bernardo)","","",""
"1762086579-158","https://cl.computrabajo.com/trabajo-de-consultor-erp?p=10","Analista  de Logística con experiencia en Inventarios 745.000 Líquidos","","",""
"1762086579-159","https://cl.computrabajo.com/trabajo-de-consultor-erp?p=10","Analista programador ERP Dataflex","","",""
"1762086579-160","https://cl.computrabajo.com/trabajo-de-consultor-erp?p=10","Analista de Compras e Inventario /Lun a vie $1.100.000 líquidos  + colación y bus","","",""
"1762086579-161","https://cl.computrabajo.com/trabajo-de-consultor-erp?p=10","Analista de Compras e Inventario /Lun a vie + colación y bus","","",""
"1762086579-162","https://cl.computrabajo.com/trabajo-de-consultor-erp?p=10","Analista de Facturación $1.000.000 liquidos","","",""
"1762086579-163","https://cl.computrabajo.com/trabajo-de-consultor-erp?p=10","Analista de Remuneraciones y Administración de personas (RRHH) $1.000.000 líquidos","","",""
"1762086579-164","https://cl.computrabajo.com/trabajo-de-consultor-erp?p=10","Analista de Cobranza","","",""
"1762086579-165","https://cl.computrabajo.com/trabajo-de-consultor-erp?p=10","Analista de Existencia","","",""
"1762086579-166","https://cl.computrabajo.com/trabajo-de-consultor-erp?p=10","Analista de Crédito y Cobranza / Lo Barnechea","","",""
"1762086579-167","https://cl.computrabajo.com/trabajo-de-consultor-erp?p=10","Analista de Remuneraciones Jr.","","",""
"1762086579-168","https://cl.computrabajo.com/trabajo-de-consultor-erp?p=10","Analista Contable 5x2/ Calama","","",""
"1762086579-169","https://cl.computrabajo.com/trabajo-de-consultor-erp?p=10","Analista Control de Gestión – Vitacura","","",""
"1762086579-170","https://cl.computrabajo.com/trabajo-de-consultor-erp?p=10","Asesor Prevencionista $1.350.000 Calama","","",""
"1762086579-171","https://cl.computrabajo.com/trabajo-de-consultor-erp?p=10","Analista Contable Maui And Sons","","",""
"1762086579-172","https://cl.computrabajo.com/trabajo-de-consultor-erp?p=10","Analista de Licitaciones","","",""
"1762086579-173","https://cl.computrabajo.com/trabajo-de-consultor-erp?p=10","","","$ 1.000.000,00 (Mensual)",""
"1762086579-174","https://cl.computrabajo.com/trabajo-de-consultor-erp?p=10","","","$ 1.200.000,00 (Mensual)",""
"1762086579-175","https://cl.computrabajo.com/trabajo-de-consultor-erp?p=10","","","$ 999.999,00 (Mensual)",""
"1762086579-176","https://cl.computrabajo.com/trabajo-de-consultor-erp?p=10","","","$ 1.300.000,00 (Mensual)",""
"1762086579-177","https://cl.computrabajo.com/trabajo-de-consultor-erp?p=10","","","$ 745.000,00 (Mensual)",""
"1762086579-178","https://cl.computrabajo.com/trabajo-de-consultor-erp?p=10","","","$ 1.111.111,00 (Mensual)",""
"1762086579-179","https://cl.computrabajo.com/trabajo-de-consultor-erp?p=10","","","Presencial y remoto",""
"1762086579-180","https://cl.computrabajo.com/trabajo-de-consultor-erp?p=10","","","$ 800.000,00 (Mensual)",""
"1762086579-181","https://cl.computrabajo.com/trabajo-de-consultor-erp?p=10","","","$ 950.000,00 (Mensual)",""
"1762086579-182","https://cl.computrabajo.com/trabajo-de-consultor-erp?p=10","","","Presencial y remoto",""
"1762086579-183","https://cl.computrabajo.com/trabajo-de-consultor-erp?p=10","","","$ 1.350.000,00 (Mensual)",""
"1762086579-184","https://cl.computrabajo.com/trabajo-de-consultor-erp?p=10","","","Presencial y remoto",""
"1762086581-185","https://cl.computrabajo.com/trabajo-de-consultor-erp?p=9","Analista de tesorería","","",""
"1762086581-186","https://cl.computrabajo.com/trabajo-de-consultor-erp?p=9","Contador Analista de costos y Existencias","","",""
"1762086581-187","https://cl.computrabajo.com/trabajo-de-consultor-erp?p=9","Analista de Facturación y Cobranzas (Calama)","","",""
"1762086581-188","https://cl.computrabajo.com/trabajo-de-consultor-erp?p=9","Analista Contable Junior Santiago","","",""
"1762086581-189","https://cl.computrabajo.com/trabajo-de-consultor-erp?p=9","Analista contable","","",""
"1762086581-190","https://cl.computrabajo.com/trabajo-de-consultor-erp?p=9","Analista Contable SAP BO","","",""
"1762086581-191","https://cl.computrabajo.com/trabajo-de-consultor-erp?p=9","Analista de riesgo de crédito","","",""
"1762086581-192","https://cl.computrabajo.com/trabajo-de-consultor-erp?p=9","Analista Senior de Compras","","",""
"1762086581-193","https://cl.computrabajo.com/trabajo-de-consultor-erp?p=9","Analista junior de remuneraciones Colina","","",""
"1762086581-194","https://cl.computrabajo.com/trabajo-de-consultor-erp?p=9","Analista de remuneraciones","","",""
"1762086581-195","https://cl.computrabajo.com/trabajo-de-consultor-erp?p=9","Analista Químico Chillán","","",""
"1762086581-196","https://cl.computrabajo.com/trabajo-de-consultor-erp?p=9","Analista Químico Chillán (Reemplazo)","","",""
"1762086581-197","https://cl.computrabajo.com/trabajo-de-consultor-erp?p=9","Analista de Reclutamiento","","",""
"1762086581-198","https://cl.computrabajo.com/trabajo-de-consultor-erp?p=9","Analista de Control de Gestión y Compras – Renca (Consumo Masivo)","","",""
"1762086581-199","https://cl.computrabajo.com/trabajo-de-consultor-erp?p=9","Analista Controller de Compras y Cuentas Claves – Renca (Lunes a Viernes)","","",""
"1762086581-200","https://cl.computrabajo.com/trabajo-de-consultor-erp?p=9","Analista de Inventarios Pudahuel","","",""
"1762086581-201","https://cl.computrabajo.com/trabajo-de-consultor-erp?p=9","Analista de Remuneraciones","","",""
"1762086581-202","https://cl.computrabajo.com/trabajo-de-consultor-erp?p=9","Analista de RR.HH (Rubro Industrial) – Santiago","","",""
"1762086581-203","https://cl.computrabajo.com/trabajo-de-consultor-erp?p=9","Analista de RR.HH (Rubro Industrial) – Santiago","","",""
"1762086581-204","https://cl.computrabajo.com/trabajo-de-consultor-erp?p=9","Analista Contable y Cobranza","","",""
"1762086581-205","https://cl.computrabajo.com/trabajo-de-consultor-erp?p=9","","","Presencial y remoto",""
"1762086581-206","https://cl.computrabajo.com/trabajo-de-consultor-erp?p=9","","","$ 1.000.000,00 (Mensual)",""
"1762086581-207","https://cl.computrabajo.com/trabajo-de-consultor-erp?p=9","","","$ 1.300.000,00 (Mensual)",""
"1762086581-208","https://cl.computrabajo.com/trabajo-de-consultor-erp?p=9","","","$ 620.000,00 (Mensual)",""
"1762086581-209","https://cl.computrabajo.com/trabajo-de-consultor-erp?p=9","","","$ 1.100.000,00 (Mensual)",""
"1762086581-210","https://cl.computrabajo.com/trabajo-de-consultor-erp?p=9","","","$ 1.100.000,00 (Mensual)",""
"1762086581-211","https://cl.computrabajo.com/trabajo-de-consultor-erp?p=9","","","Presencial y remoto",""
"1762086581-212","https://cl.computrabajo.com/trabajo-de-consultor-erp?p=9","","","$ 1.000.000,00 (Mensual)",""
"1762086581-213","https://cl.computrabajo.com/trabajo-de-consultor-erp?p=9","","","$ 600.000,00 (Mensual)",""
"1762086581-214","https://cl.computrabajo.com/trabajo-de-consultor-erp?p=9","","","Presencial y remoto",""
"1762086581-215","https://cl.computrabajo.com/trabajo-de-consultor-erp?p=9","","","$ 900.000,00 (Mensual)",""
"1762086583-216","https://cl.computrabajo.com/trabajo-de-consultor-erp?p=8","Analista de Administración y Control de Gestión – Las Condes","","",""
"1762086583-217","https://cl.computrabajo.com/trabajo-de-consultor-erp?p=8","Analista de logistica y mantenimiento","","",""
"1762086583-218","https://cl.computrabajo.com/trabajo-de-consultor-erp?p=8","Asesor de ventas diseño de interiores $700.000,  Las Condes (Las Condes Design)","","",""
"1762086583-219","https://cl.computrabajo.com/trabajo-de-consultor-erp?p=8","Analista de control Gestión","","",""
"1762086583-220","https://cl.computrabajo.com/trabajo-de-consultor-erp?p=8","Analista de Remuneraciones","","",""
"1762086583-221","https://cl.computrabajo.com/trabajo-de-consultor-erp?p=8","Customer Service Analyst","","",""
"1762086583-222","https://cl.computrabajo.com/trabajo-de-consultor-erp?p=8","Analista de RRHH (Con experiencia en Desarrollo Organizacional)","","",""
"1762086583-223","https://cl.computrabajo.com/trabajo-de-consultor-erp?p=8","Analista Control de Gestión","","",""
"1762086583-224","https://cl.computrabajo.com/trabajo-de-consultor-erp?p=8","Analista Contable Senior con experiencia en SAP B one","","",""
"1762086583-225","https://cl.computrabajo.com/trabajo-de-consultor-erp?p=8","Analista Contable","","",""
"1762086583-226","https://cl.computrabajo.com/trabajo-de-consultor-erp?p=8","Analista de Gestión y Control – Concepcion","","",""
"1762086583-227","https://cl.computrabajo.com/trabajo-de-consultor-erp?p=8","Analista de Logistica y Mantenimiento","","",""
"1762086583-228","https://cl.computrabajo.com/trabajo-de-consultor-erp?p=8","Analista de Control de Gestión en RR.HH $1.500.000","","",""
"1762086583-229","https://cl.computrabajo.com/trabajo-de-consultor-erp?p=8","Analista Contable","","",""
"1762086583-230","https://cl.computrabajo.com/trabajo-de-consultor-erp?p=8","Analista de RR.HH (Rubro Industrial) – Santiago","","",""
"1762086583-231","https://cl.computrabajo.com/trabajo-de-consultor-erp?p=8","Analista de Tesorería Puente Alto","","",""
"1762086583-232","https://cl.computrabajo.com/trabajo-de-consultor-erp?p=8","Analista de RR.HH / Pudahuel","","",""
"1762086583-233","https://cl.computrabajo.com/trabajo-de-consultor-erp?p=8","Analista Contable – Factoring Itaú","","",""
"1762086583-234","https://cl.computrabajo.com/trabajo-de-consultor-erp?p=8","Analista de RR.HH (Rubro Industrial) – Santiago","","",""
"1762086583-235","https://cl.computrabajo.com/trabajo-de-consultor-erp?p=8","Analista de Control de Gestión – Infraestructura","","",""
"1762086583-236","https://cl.computrabajo.com/trabajo-de-consultor-erp?p=8","","","$ 700.000,00 (Mensual)",""
"1762086583-237","https://cl.computrabajo.com/trabajo-de-consultor-erp?p=8","","","Presencial y remoto",""
"1762086583-238","https://cl.computrabajo.com/trabajo-de-consultor-erp?p=8","","","Presencial y remoto",""
"1762086583-239","https://cl.computrabajo.com/trabajo-de-consultor-erp?p=8","","","$ 1.700.000,00 (Mensual)",""
"1762086583-240","https://cl.computrabajo.com/trabajo-de-consultor-erp?p=8","","","$ 1.500.000,00 (Mensual)",""
"1762086583-241","https://cl.computrabajo.com/trabajo-de-consultor-erp?p=8","","","$ 800.000,00 (Mensual)",""
"1762086583-242","https://cl.computrabajo.com/trabajo-de-consultor-erp?p=8","","","Presencial y remoto",""
"1762086583-243","https://cl.computrabajo.com/trabajo-de-consultor-erp?p=8","","","$ 1.200.000,00 (Mensual)",""
"1762086583-244","https://cl.computrabajo.com/trabajo-de-consultor-erp?p=8","","","$ 1.500.000,00 (Mensual)",""
"1762086583-245","https://cl.computrabajo.com/trabajo-de-consultor-erp?p=8","","","$ 950.000,00 (Mensual)",""
"1762086586-246","https://cl.computrabajo.com/trabajo-de-consultor-erp?p=7","analista contabilidad senior","","",""
"1762086586-247","https://cl.computrabajo.com/trabajo-de-consultor-erp?p=7","Analista Programador EWM","","",""
"1762086586-248","https://cl.computrabajo.com/trabajo-de-consultor-erp?p=7","Customer Success Manager","","",""
"1762086586-249","https://cl.computrabajo.com/trabajo-de-consultor-erp?p=7","Analista de Crédito","","",""
"1762086586-250","https://cl.computrabajo.com/trabajo-de-consultor-erp?p=7","Analista contable","","",""
"1762086586-251","https://cl.computrabajo.com/trabajo-de-consultor-erp?p=7","Analista Logístico","","",""
"1762086586-252","https://cl.computrabajo.com/trabajo-de-consultor-erp?p=7","Encargado de Administración y Finanzas","","",""
"1762086586-253","https://cl.computrabajo.com/trabajo-de-consultor-erp?p=7","Analista de Compras","","",""
"1762086586-254","https://cl.computrabajo.com/trabajo-de-consultor-erp?p=7","Analista de Conciliaciones","","",""
"1762086586-255","https://cl.computrabajo.com/trabajo-de-consultor-erp?p=7","Analista Contable","","",""
"1762086586-256","https://cl.computrabajo.com/trabajo-de-consultor-erp?p=7","Analista Riesgos y control interno","","",""
"1762086586-257","https://cl.computrabajo.com/trabajo-de-consultor-erp?p=7","Analista de control de gestión","","",""
"1762086586-258","https://cl.computrabajo.com/trabajo-de-consultor-erp?p=7","Analista de Implementación y Soporte ERP","","",""
"1762086586-259","https://cl.computrabajo.com/trabajo-de-consultor-erp?p=7","Analista contable","","",""
"1762086586-260","https://cl.computrabajo.com/trabajo-de-consultor-erp?p=7","Analista de logistica y mantenimiento","","",""
"1762086586-261","https://cl.computrabajo.com/trabajo-de-consultor-erp?p=7","Analista ERP, con Experiencia en Implementación y Soporte.","","",""
"1762086586-262","https://cl.computrabajo.com/trabajo-de-consultor-erp?p=7","Analista RRHH y Remuneraciones senior rubro ferroviario","","",""
"1762086586-263","https://cl.computrabajo.com/trabajo-de-consultor-erp?p=7","Analista de Gestión del Desempeño","","",""
"1762086586-264","https://cl.computrabajo.com/trabajo-de-consultor-erp?p=7","Analista de administración de personal, La Serena","","",""
"1762086586-265","https://cl.computrabajo.com/trabajo-de-consultor-erp?p=7","Analista Administrativo en Calama","","",""
"1762086586-266","https://cl.computrabajo.com/trabajo-de-consultor-erp?p=7","","","$ 1.500.000,00 (Mensual)",""
"1762086586-267","https://cl.computrabajo.com/trabajo-de-consultor-erp?p=7","","","Remoto",""
"1762086586-268","https://cl.computrabajo.com/trabajo-de-consultor-erp?p=7","","","Presencial y remoto",""
"1762086586-269","https://cl.computrabajo.com/trabajo-de-consultor-erp?p=7","","","$ 850.000,00 (Mensual)",""
"1762086586-270","https://cl.computrabajo.com/trabajo-de-consultor-erp?p=7","","","Presencial y remoto",""
"1762086586-271","https://cl.computrabajo.com/trabajo-de-consultor-erp?p=7","","","Presencial y remoto",""
"1762086586-272","https://cl.computrabajo.com/trabajo-de-consultor-erp?p=7","","","Presencial y remoto",""
"1762086586-273","https://cl.computrabajo.com/trabajo-de-consultor-erp?p=7","","","$ 1.100.000,00 (Mensual)",""
"1762086586-274","https://cl.computrabajo.com/trabajo-de-consultor-erp?p=7","","","$ 1.000.000,00 (Mensual)",""
"1762086586-275","https://cl.computrabajo.com/trabajo-de-consultor-erp?p=7","","","$ 977.000,00 (Mensual)",""
"1762086588-276","https://cl.computrabajo.com/trabajo-de-consultor-erp?p=6","Vendedor Mayorista Terreno 1 Millón asegurado Consumo Masivo","","",""
"1762086588-277","https://cl.computrabajo.com/trabajo-de-consultor-erp?p=6","Analista de remuneraciones","","",""
"1762086588-278","https://cl.computrabajo.com/trabajo-de-consultor-erp?p=6","Jefe de Producción","","",""
"1762086588-279","https://cl.computrabajo.com/trabajo-de-consultor-erp?p=6","Analista de Cuentas por Pagar// Remplazo 2 meses aprox// $900.000","","",""
"1762086588-280","https://cl.computrabajo.com/trabajo-de-consultor-erp?p=6","Analista de Control de Gestión","","",""
"1762086588-281","https://cl.computrabajo.com/trabajo-de-consultor-erp?p=6","Analista de inventarios y Operaciones","","",""
"1762086588-282","https://cl.computrabajo.com/trabajo-de-consultor-erp?p=6","Analista de Crédito y Cobranza / Lo Barnechea","","",""
"1762086588-283","https://cl.computrabajo.com/trabajo-de-consultor-erp?p=6","Analista Contable","","",""
"1762086588-284","https://cl.computrabajo.com/trabajo-de-consultor-erp?p=6","Analista Contable","","",""
"1762086588-285","https://cl.computrabajo.com/trabajo-de-consultor-erp?p=6","Analista Contable Senior","","",""
"1762086588-286","https://cl.computrabajo.com/trabajo-de-consultor-erp?p=6","Analista de Finanzas Presencial Las Condes","","",""
"1762086588-287","https://cl.computrabajo.com/trabajo-de-consultor-erp?p=6","Analista ERP","","",""
"1762086588-288","https://cl.computrabajo.com/trabajo-de-consultor-erp?p=6","Analista contable","","",""
"1762086588-289","https://cl.computrabajo.com/trabajo-de-consultor-erp?p=6","Analista contable 1.200.000","","",""
"1762086588-290","https://cl.computrabajo.com/trabajo-de-consultor-erp?p=6","Analista contable Junior  Concepción","","",""
"1762086588-291","https://cl.computrabajo.com/trabajo-de-consultor-erp?p=6","Analista de Inventario","","",""
"1762086588-292","https://cl.computrabajo.com/trabajo-de-consultor-erp?p=6","Analista Contable","","",""
"1762086588-293","https://cl.computrabajo.com/trabajo-de-consultor-erp?p=6","Analista de facturación","","",""
"1762086588-294","https://cl.computrabajo.com/trabajo-de-consultor-erp?p=6","Analista Contable Tributario","","",""
"1762086588-295","https://cl.computrabajo.com/trabajo-de-consultor-erp?p=6","Analista de tesorería","","",""
"1762086588-296","https://cl.computrabajo.com/trabajo-de-consultor-erp?p=6","","","$ 1.000.000,00 (Mensual)",""
"1762086588-297","https://cl.computrabajo.com/trabajo-de-consultor-erp?p=6","","","$ 1.750.000,00 (Mensual) + Comisiones",""
"1762086588-298","https://cl.computrabajo.com/trabajo-de-consultor-erp?p=6","","","$ 899.999,00 (Mensual)",""
"1762086588-299","https://cl.computrabajo.com/trabajo-de-consultor-erp?p=6","","","Presencial y remoto",""
"1762086588-300","https://cl.computrabajo.com/trabajo-de-consultor-erp?p=6","","","$ 1.000.000,00 (Mensual)",""
"1762086588-301","https://cl.computrabajo.com/trabajo-de-consultor-erp?p=6","","","$ 13.000.000,00 (Mensual)",""
"1762086588-302","https://cl.computrabajo.com/trabajo-de-consultor-erp?p=6","","","$ 850.000,00 (Mensual)",""
"1762086588-303","https://cl.computrabajo.com/trabajo-de-consultor-erp?p=6","","","$ 850.000,00 (Mensual)",""
"1762086588-304","https://cl.computrabajo.com/trabajo-de-consultor-erp?p=6","","","$ 1.000.000,00 (Mensual)",""
"1762086588-305","https://cl.computrabajo.com/trabajo-de-consultor-erp?p=6","","","$ 1.200.000,00 (Mensual)",""
"1762086588-306","https://cl.computrabajo.com/trabajo-de-consultor-erp?p=6","","","$ 800.000,00 (Mensual)",""
"1762086590-307","https://cl.computrabajo.com/trabajo-de-consultor-erp?p=5","Analista de Tesorería y Facturación","","",""
"1762086590-308","https://cl.computrabajo.com/trabajo-de-consultor-erp?p=5","Analista Control de Gastos / Proyecto 3 meses / Huechuraba","","",""
"1762086590-309","https://cl.computrabajo.com/trabajo-de-consultor-erp?p=5","Analista contable por reemplazo, Quilicura","","",""
"1762086590-310","https://cl.computrabajo.com/trabajo-de-consultor-erp?p=5","Analista de Riesgos y Control Interno","","",""
"1762086590-311","https://cl.computrabajo.com/trabajo-de-consultor-erp?p=5","Analista de Tesorería – Grupo Progestión","","",""
"1762086590-312","https://cl.computrabajo.com/trabajo-de-consultor-erp?p=5","Analista Contable Senior","","",""
"1762086590-313","https://cl.computrabajo.com/trabajo-de-consultor-erp?p=5","Analista Técnico Funcional de ERP","","",""
"1762086590-314","https://cl.computrabajo.com/trabajo-de-consultor-erp?p=5","Analista de Implementación y Soporte ERP","","",""
"1762086590-315","https://cl.computrabajo.com/trabajo-de-consultor-erp?p=5","Analista Contable","","",""
"1762086590-316","https://cl.computrabajo.com/trabajo-de-consultor-erp?p=5","Analista Tesorería y Cuentas por Pagar","","",""
"1762086590-317","https://cl.computrabajo.com/trabajo-de-consultor-erp?p=5","Coordinador Tributario / Renca / Agroindustria","","",""
"1762086590-318","https://cl.computrabajo.com/trabajo-de-consultor-erp?p=5","Analista de tesorería","","",""
"1762086590-319","https://cl.computrabajo.com/trabajo-de-consultor-erp?p=5","Contador / Renca / Agroindustria","","",""
"1762086590-320","https://cl.computrabajo.com/trabajo-de-consultor-erp?p=5","Analista de Control de Marcación de Turnos y Asistencias con Excel Avanzado","","",""
"1762086590-321","https://cl.computrabajo.com/trabajo-de-consultor-erp?p=5","Reemplazo Asesor de Servicio","","",""
"1762086590-322","https://cl.computrabajo.com/trabajo-de-consultor-erp?p=5","Analista de Remuneraciones","","",""
"1762086590-323","https://cl.computrabajo.com/trabajo-de-consultor-erp?p=5","Analista Contable","","",""
"1762086590-324","https://cl.computrabajo.com/trabajo-de-consultor-erp?p=5","Analista Bodega","","",""
"1762086590-325","https://cl.computrabajo.com/trabajo-de-consultor-erp?p=5","Analista de Abastecimiento Casa Matriz Lampa","","",""
"1762086590-326","https://cl.computrabajo.com/trabajo-de-consultor-erp?p=5","Analista Senior de Compras","","",""
"1762086590-327","https://cl.computrabajo.com/trabajo-de-consultor-erp?p=5","","","$ 850.000,00 (Mensual)",""
"1762086590-328","https://cl.computrabajo.com/trabajo-de-consultor-erp?p=5","","","$ 1.100.000,00 (Mensual)",""
"1762086590-329","https://cl.computrabajo.com/trabajo-de-consultor-erp?p=5","","","$ 2.000.000,00 (Mensual)",""
"1762086590-330","https://cl.computrabajo.com/trabajo-de-consultor-erp?p=5","","","$ 1.200.000,00 (Mensual)",""
"1762086590-331","https://cl.computrabajo.com/trabajo-de-consultor-erp?p=5","","","$ 800.000,00 (Mensual)",""
"1762086590-332","https://cl.computrabajo.com/trabajo-de-consultor-erp?p=5","","","$ 1.000.000,00 (Mensual)",""
"1762086593-333","https://cl.computrabajo.com/trabajo-de-consultor-erp?p=4","Administrativo de Transportes San Bernardo Híbrida Horario Nocturno / $780.000 Ingreso Inmediato","","",""
"1762086593-334","https://cl.computrabajo.com/trabajo-de-consultor-erp?p=4","Despachador Logístico con Conocimientos en Excel / $730.000 / Pudahuel / Turno Rotativo","","",""
"1762086593-335","https://cl.computrabajo.com/trabajo-de-consultor-erp?p=4","Despachador Logístico / Noche / Cerrillos","","",""
"1762086593-336","https://cl.computrabajo.com/trabajo-de-consultor-erp?p=4","Despachador Logístico / Pudahuel La Farfana","","",""
"1762086593-337","https://cl.computrabajo.com/trabajo-de-consultor-erp?p=4","Consultor Funcional TI","","",""
"1762086593-338","https://cl.computrabajo.com/trabajo-de-consultor-erp?p=4","Despachador Logístico Noche / San Bernardo","","",""
"1762086593-339","https://cl.computrabajo.com/trabajo-de-consultor-erp?p=4","Asistente Comercial","","",""
"1762086593-340","https://cl.computrabajo.com/trabajo-de-consultor-erp?p=4","Despachador Logístico / Turno Día / San Bernardo","","",""
"1762086593-341","https://cl.computrabajo.com/trabajo-de-consultor-erp?p=4","Despachador Logístico Pudahuel","","",""
"1762086593-342","https://cl.computrabajo.com/trabajo-de-consultor-erp?p=4","Despachador Logístico con Conocimientos en Excel / $730.000 / Pudahuel / Turno Rotativo","","",""
"1762086593-343","https://cl.computrabajo.com/trabajo-de-consultor-erp?p=4","Despachador Logístico Noche / San Bernardo","","",""
"1762086593-344","https://cl.computrabajo.com/trabajo-de-consultor-erp?p=4","Despachador Logístico Pudahuel","","",""
"1762086593-345","https://cl.computrabajo.com/trabajo-de-consultor-erp?p=4","Despachador Logístico Pudahuel","","",""
"1762086593-346","https://cl.computrabajo.com/trabajo-de-consultor-erp?p=4","Despachador Logístico Noche / San Bernardo","","",""
"1762086593-347","https://cl.computrabajo.com/trabajo-de-consultor-erp?p=4","Asistente Contable","","",""
"1762086593-348","https://cl.computrabajo.com/trabajo-de-consultor-erp?p=4","Analista contable","","",""
"1762086593-349","https://cl.computrabajo.com/trabajo-de-consultor-erp?p=4","Analista Contable","","",""
"1762086593-350","https://cl.computrabajo.com/trabajo-de-consultor-erp?p=4","Analista Contable Puente Alto","","",""
"1762086593-351","https://cl.computrabajo.com/trabajo-de-consultor-erp?p=4","analista de recursos humanos","","",""
"1762086593-352","https://cl.computrabajo.com/trabajo-de-consultor-erp?p=4","Analista Senior de remuneraciones","","",""
"1762086593-353","https://cl.computrabajo.com/trabajo-de-consultor-erp?p=4","","","$ 779.999,00 (Mensual)",""
"1762086593-354","https://cl.computrabajo.com/trabajo-de-consultor-erp?p=4","","","$ 729.999,00 (Mensual)",""
"1762086593-355","https://cl.computrabajo.com/trabajo-de-consultor-erp?p=4","","","$ 999.999,00 (Mensual)",""
"1762086593-356","https://cl.computrabajo.com/trabajo-de-consultor-erp?p=4","","","$ 900.000,00 (Mensual)",""
"1762086593-357","https://cl.computrabajo.com/trabajo-de-consultor-erp?p=4","","","$ 729.999,00 (Mensual)",""
"1762086593-358","https://cl.computrabajo.com/trabajo-de-consultor-erp?p=4","","","$ 800.000,00 (Mensual)",""
"1762086593-359","https://cl.computrabajo.com/trabajo-de-consultor-erp?p=4","","","$ 1.000.000,00 (Mensual)",""
"1762086593-360","https://cl.computrabajo.com/trabajo-de-consultor-erp?p=4","","","$ 1.111.111,00 (Mensual)",""
"1762086595-361","https://cl.computrabajo.com/trabajo-de-consultor-erp?p=3","Despachador Logístico Cerrillos temporada Cyber 780.000 liquidos mensuales","","",""
"1762086595-362","https://cl.computrabajo.com/trabajo-de-consultor-erp?p=3","Despachador Logístico / Pudahuel La Farfana","","",""
"1762086595-363","https://cl.computrabajo.com/trabajo-de-consultor-erp?p=3","Consultor Funcional TI","","",""
"1762086595-364","https://cl.computrabajo.com/trabajo-de-consultor-erp?p=3","Operario Administrativo / Pudahuel / Turno Tarde","","",""
"1762086595-365","https://cl.computrabajo.com/trabajo-de-consultor-erp?p=3","Despachador Logístico Noche / San Bernardo","","",""
"1762086595-366","https://cl.computrabajo.com/trabajo-de-consultor-erp?p=3","Despachador Logístico / San Bernardo  Noche  /  Cyber","","",""
"1762086595-367","https://cl.computrabajo.com/trabajo-de-consultor-erp?p=3","Operario Administrativo Logística, para temporada Cyber / San Bernardo","","",""
"1762086595-368","https://cl.computrabajo.com/trabajo-de-consultor-erp?p=3","Despachador Logístico con Amplios Conocimientos en Excel / Pudahuel / Turno Tarde / $730.000","","",""
"1762086595-369","https://cl.computrabajo.com/trabajo-de-consultor-erp?p=3","Despachador Logístico San Bernardo temporada Cyber 780.000 líquidos mensuales","","",""
"1762086595-370","https://cl.computrabajo.com/trabajo-de-consultor-erp?p=3","Operario Administrativo Excel / San Bernardo, temporada Cyber / San Bernardo","","",""
"1762086595-371","https://cl.computrabajo.com/trabajo-de-consultor-erp?p=3","Operario Administrativo / Pudahuel / Turno Tarde","","",""
"1762086595-372","https://cl.computrabajo.com/trabajo-de-consultor-erp?p=3","Operario Administrativo / Pudahuel / Turno Tarde","","",""
"1762086595-373","https://cl.computrabajo.com/trabajo-de-consultor-erp?p=3","Asistente Comercial","","",""
"1762086595-374","https://cl.computrabajo.com/trabajo-de-consultor-erp?p=3","Despachador Logístico / Turno Día / San Bernardo","","",""
"1762086595-375","https://cl.computrabajo.com/trabajo-de-consultor-erp?p=3","Despachador Logístico / Turno Día / San Bernardo","","",""
"1762086595-376","https://cl.computrabajo.com/trabajo-de-consultor-erp?p=3","Despachador Logístico con Conocimientos en Excel / Pudahuel / Turno Rotativo / $730.000","","",""
"1762086595-377","https://cl.computrabajo.com/trabajo-de-consultor-erp?p=3","Despachador Logístico Pudahuel","","",""
"1762086595-378","https://cl.computrabajo.com/trabajo-de-consultor-erp?p=3","Administrativo de Transporte / Las Condes /  Turno Madrugada / $730.000","","",""
"1762086595-379","https://cl.computrabajo.com/trabajo-de-consultor-erp?p=3","Despachador Logístico / Pudahuel / Turno Noche / $780.000 Ingreso Inmediato","","",""
"1762086595-380","https://cl.computrabajo.com/trabajo-de-consultor-erp?p=3","Administrativo de Transportes / San Bernardo / Modalidad Híbrida Horario Nocturno / $780.000","","",""
"1762086595-381","https://cl.computrabajo.com/trabajo-de-consultor-erp?p=3","","","$ 700.000,00 (Mensual)",""
"1762086595-382","https://cl.computrabajo.com/trabajo-de-consultor-erp?p=3","","","$ 999.999,00 (Mensual)",""
"1762086595-383","https://cl.computrabajo.com/trabajo-de-consultor-erp?p=3","","","$ 500.000,00 (Mensual)",""
"1762086595-384","https://cl.computrabajo.com/trabajo-de-consultor-erp?p=3","","","$ 500.000,00 (Mensual)",""
"1762086595-385","https://cl.computrabajo.com/trabajo-de-consultor-erp?p=3","","","$ 599.999,00 (Mensual)",""
"1762086595-386","https://cl.computrabajo.com/trabajo-de-consultor-erp?p=3","","","$ 730.000,00 (Mensual)",""
"1762086595-387","https://cl.computrabajo.com/trabajo-de-consultor-erp?p=3","","","$ 700.000,00 (Mensual)",""
"1762086595-388","https://cl.computrabajo.com/trabajo-de-consultor-erp?p=3","","","$ 599.999,00 (Mensual)",""
"1762086595-389","https://cl.computrabajo.com/trabajo-de-consultor-erp?p=3","","","$ 500.000,00 (Mensual)",""
"1762086595-390","https://cl.computrabajo.com/trabajo-de-consultor-erp?p=3","","","$ 599.000,00 (Mensual)",""
"1762086595-391","https://cl.computrabajo.com/trabajo-de-consultor-erp?p=3","","","$ 900.000,00 (Mensual)",""
"1762086595-392","https://cl.computrabajo.com/trabajo-de-consultor-erp?p=3","","","$ 730.000,00 (Mensual)",""
"1762086595-393","https://cl.computrabajo.com/trabajo-de-consultor-erp?p=3","","","$ 730.000,00 (Mensual)",""
"1762086595-394","https://cl.computrabajo.com/trabajo-de-consultor-erp?p=3","","","$ 700.000,00 (Mensual)",""
"1762086595-395","https://cl.computrabajo.com/trabajo-de-consultor-erp?p=3","","","$ 780.000,00 (Mensual)",""
"1762086597-396","https://cl.computrabajo.com/trabajo-de-consultor-erp?p=2","Consultor SAP SD Senior – Dominio de Inglés conversacional","","",""
"1762086597-397","https://cl.computrabajo.com/trabajo-de-consultor-erp?p=2","Consultor SAP PP – Inglés conversacional intermedio/Avanzado","","",""
"1762086597-398","https://cl.computrabajo.com/trabajo-de-consultor-erp?p=2","Despachador Logístico / Coordinador de Patio / Temporada Cyber Pudahuel, La Farfana","","",""
"1762086597-399","https://cl.computrabajo.com/trabajo-de-consultor-erp?p=2","Operario Administrativo Excel / San Bernardo, temporada Cyber / San Bernardo","","",""
"1762086597-400","https://cl.computrabajo.com/trabajo-de-consultor-erp?p=2","Despachador Logístico / Coordinador de Patio / Temporada Cyber Pudahuel, La Farfana","","",""
"1762086597-401","https://cl.computrabajo.com/trabajo-de-consultor-erp?p=2","Contador/ autor/a experiencia en importación y exportación","","",""
"1762086597-402","https://cl.computrabajo.com/trabajo-de-consultor-erp?p=2","Especialista en Gestión de Costos e Inventarios","","",""
"1762086597-403","https://cl.computrabajo.com/trabajo-de-consultor-erp?p=2","Ejecutivo Comercial","","",""
"1762086597-404","https://cl.computrabajo.com/trabajo-de-consultor-erp?p=2","Consultor Funcional TI","","",""
"1762086597-405","https://cl.computrabajo.com/trabajo-de-consultor-erp?p=2","Despachador Logístico con Amplios Conocimientos en Excel / Pudahuel / Turno Madrugada / $780.000","","",""
"1762086597-406","https://cl.computrabajo.com/trabajo-de-consultor-erp?p=2","Consultor Funcional TI","","",""
"1762086597-407","https://cl.computrabajo.com/trabajo-de-consultor-erp?p=2","Despachador Logístico / Coordinador de Patio / Pudahuel, La Farfana","","",""
"1762086597-408","https://cl.computrabajo.com/trabajo-de-consultor-erp?p=2","Operario Administrativo Excel / San Bernardo, temporada Cyber / San Bernardo Ingreso Inmediato","","",""
"1762086597-409","https://cl.computrabajo.com/trabajo-de-consultor-erp?p=2","Operario Administrativo / Pudahuel / Turno Tarde  $600.000","","",""
"1762086597-410","https://cl.computrabajo.com/trabajo-de-consultor-erp?p=2","Despachador Logístico con Conocimientos en Excel Pudahuel / Turno Rotativo /Ingreso Inmediato","","",""
"1762086597-411","https://cl.computrabajo.com/trabajo-de-consultor-erp?p=2","Despachador Logístico con Conocimientos en Excel , Pudahuel , Turno Rotativo , $730.000","","",""
"1762086597-412","https://cl.computrabajo.com/trabajo-de-consultor-erp?p=2","Despachador Logístico / Noche / Cerrillos","","",""
"1762086597-413","https://cl.computrabajo.com/trabajo-de-consultor-erp?p=2","Despachador Logístico / Noche / San bernardo","","",""
"1762086597-414","https://cl.computrabajo.com/trabajo-de-consultor-erp?p=2","Administrativo de Transporte Modalidad Híbrida / Las Condes / Turno Rotativo  / $730.000","","",""
"1762086597-415","https://cl.computrabajo.com/trabajo-de-consultor-erp?p=2","Consultor Funcional TI","","",""
"1762086597-416","https://cl.computrabajo.com/trabajo-de-consultor-erp?p=2","","","Presencial y remoto",""
"1762086597-417","https://cl.computrabajo.com/trabajo-de-consultor-erp?p=2","","","Presencial y remoto",""
"1762086597-418","https://cl.computrabajo.com/trabajo-de-consultor-erp?p=2","","","$ 720.000,00 (Mensual)",""
"1762086597-419","https://cl.computrabajo.com/trabajo-de-consultor-erp?p=2","","","$ 600.000,00 (Mensual)",""
"1762086597-420","https://cl.computrabajo.com/trabajo-de-consultor-erp?p=2","","","$ 720.000,00 (Mensual)",""
"1762086597-421","https://cl.computrabajo.com/trabajo-de-consultor-erp?p=2","","","$ 1.300.000,00 (Mensual)",""
"1762086597-422","https://cl.computrabajo.com/trabajo-de-consultor-erp?p=2","","","$ 1.111.111,00 (Mensual)",""
"1762086597-423","https://cl.computrabajo.com/trabajo-de-consultor-erp?p=2","","","$ 999.999,00 (Mensual)",""
"1762086597-424","https://cl.computrabajo.com/trabajo-de-consultor-erp?p=2","","","$ 780.000,00 (Mensual)",""
"1762086597-425","https://cl.computrabajo.com/trabajo-de-consultor-erp?p=2","","","$ 999.999,00 (Mensual)",""
"1762086597-426","https://cl.computrabajo.com/trabajo-de-consultor-erp?p=2","","","$ 709.000,00 (Mensual)",""
"1762086597-427","https://cl.computrabajo.com/trabajo-de-consultor-erp?p=2","","","$ 500.000,00 (Mensual)",""
"1762086597-428","https://cl.computrabajo.com/trabajo-de-consultor-erp?p=2","","","$ 599.000,00 (Mensual)",""
"1762086597-429","https://cl.computrabajo.com/trabajo-de-consultor-erp?p=2","","","$ 600.000,00 (Mensual)",""
"1762086597-430","https://cl.computrabajo.com/trabajo-de-consultor-erp?p=2","","","$ 730.000,00 (Mensual)",""
"1762086597-431","https://cl.computrabajo.com/trabajo-de-consultor-erp?p=2","","","$ 999.999,00 (Mensual)",""
"1762086599-432","https://cl.computrabajo.com/trabajo-de-consultor-erp","Consultor Oracle ERP","","",""
"1762086599-433","https://cl.computrabajo.com/trabajo-de-consultor-erp","Ingeniero Recursos Humanos (recién titulado)","","",""
"1762086599-434","https://cl.computrabajo.com/trabajo-de-consultor-erp","Consultor Contable Bilingüe (IFRS / US GAAP) Boletas de Honorarios","","",""
"1762086599-435","https://cl.computrabajo.com/trabajo-de-consultor-erp","Analista Contable Consultora de Recursos Humanos","","",""
"1762086599-436","https://cl.computrabajo.com/trabajo-de-consultor-erp","Contador/ autor/a experiencia en importación y exportación","","",""
"1762086599-437","https://cl.computrabajo.com/trabajo-de-consultor-erp","Vendedores/as Integrales Part Time","","",""
"1762086599-438","https://cl.computrabajo.com/trabajo-de-consultor-erp","Ejecutivo Comercial","","",""
"1762086599-439","https://cl.computrabajo.com/trabajo-de-consultor-erp","Consultor Funcional TI","","",""
"1762086599-440","https://cl.computrabajo.com/trabajo-de-consultor-erp","Agente de comercial para rubro mineria e industrial quilicura","","",""
"1762086599-441","https://cl.computrabajo.com/trabajo-de-consultor-erp","Tesorero/a","","",""
"1762086599-442","https://cl.computrabajo.com/trabajo-de-consultor-erp","Contador/a Auditor/a con experiencia en importaciones","","",""
"1762086599-443","https://cl.computrabajo.com/trabajo-de-consultor-erp","Operario Administrativo Excel / San Bernardo, temporada Cyber / San Bernardo","","",""
"1762086599-444","https://cl.computrabajo.com/trabajo-de-consultor-erp","Supervisor/a de Logística para consultora","","",""
"1762086599-445","https://cl.computrabajo.com/trabajo-de-consultor-erp","Supervisor/a de Logística","","",""
"1762086599-446","https://cl.computrabajo.com/trabajo-de-consultor-erp","Operario Administrativo Excel / San Bernardo","","",""
"1762086599-447","https://cl.computrabajo.com/trabajo-de-consultor-erp","Operario Administrativo Logística con Excel, para temporada Cyber / San Bernardo Turno Madrugada","","",""
"1762086599-448","https://cl.computrabajo.com/trabajo-de-consultor-erp","Supervisor/ Logístico","","",""
"1762086599-449","https://cl.computrabajo.com/trabajo-de-consultor-erp","Agente de comercial para rubro mineria e industrial quilicura","","",""
"1762086599-450","https://cl.computrabajo.com/trabajo-de-consultor-erp","Asistente Comercial, Planta de Productos Químicos y Productos de Limpieza","","",""
"1762086599-451","https://cl.computrabajo.com/trabajo-de-consultor-erp","Asistente Senior de Contabilidad","","",""
"1762086599-452","https://cl.computrabajo.com/trabajo-de-consultor-erp","","","Remoto",""
"1762086599-453","https://cl.computrabajo.com/trabajo-de-consultor-erp","","","Presencial y remoto",""
"1762086599-454","https://cl.computrabajo.com/trabajo-de-consultor-erp","","","$ 1.800.000,00 (Mensual)",""
"1762086599-455","https://cl.computrabajo.com/trabajo-de-consultor-erp","","","$ 900.000,00 (Mensual)",""
"1762086599-456","https://cl.computrabajo.com/trabajo-de-consultor-erp","","","$ 1.300.000,00 (Mensual)",""
"1762086599-457","https://cl.computrabajo.com/trabajo-de-consultor-erp","","","$ 260.000,00 (Mensual)",""
"1762086599-458","https://cl.computrabajo.com/trabajo-de-consultor-erp","","","$ 1.111.111,00 (Mensual)",""
"1762086599-459","https://cl.computrabajo.com/trabajo-de-consultor-erp","","","$ 999.999,00 (Mensual)",""
"1762086599-460","https://cl.computrabajo.com/trabajo-de-consultor-erp","","","$ 1.300.000,00 (Mensual)",""
"1762086599-461","https://cl.computrabajo.com/trabajo-de-consultor-erp","","","$ 1.500.000,00 (Mensual)",""
"1762086599-462","https://cl.computrabajo.com/trabajo-de-consultor-erp","","","$ 600.000,00 (Mensual)",""
"1762086599-463","https://cl.computrabajo.com/trabajo-de-consultor-erp","","","$ 599.999,00 (Mensual)",""
"1762086599-464","https://cl.computrabajo.com/trabajo-de-consultor-erp","","","$ 1.300.000,00 (Mensual)",""
"1762086599-465","https://cl.computrabajo.com/trabajo-de-consultor-erp","","","$ 900.000,00 (Mensual)",""
